id,제목,부제/번역제목,유형,생산년도,관리번호,형태,기록물건수매수,수집기관관리번호,원본페이지,주요내용,하위문서수
eu2-1,"Dritter Staatsbesuch in Asien(Korea, Thailand, Malaysia, Nepal, Afghanistan)vom 28. Feb.-19. März 1967","1967. 2. 28. ~ 3. 19. 제3회 아시아 공식방문 (한국, 태국, 말레이시아, 네팔, 아프가니스탄)",독일연방기록청,,PZA0003603,"전보, 서한, 보고서 연설문, 외교문서",33 / 75,B122/5449,10,,33
eu2-2,[가제] 독일 대통령의 한국방문 준비,독일 대통령의 한국방문 준비,독일연방기록청,,PZA0003604,보고서,19 / 136,B122/5450,24,,19
eu2-3,"Dritter Staatsbesuch in Asien(Korea, Thailand, Malaysia, Nepal, Afghanistan)vom 28. Feb.-19. März 1967","1967. 2. 28 ~ 3. 19. 제3회 아시아 공식방문 (한국, 태국, 말레이시아, 네팔, 아프가니스탄)",독일연방기록청,,PZA0003605,"보고서, 기사, 협조문, 전보, 서한, 지시문",38 / 73,B122/5451,32,,38
eu2-4,[가제] 독일 대통령의 한국 방문일정,독일 대통령의 한국 방문일정,독일연방기록청,,PZA0003606,"서한, 보고서",47 / 74,B122/5452,48,,47
eu2-5,"Errichtung und Tätigkeit des DRK(Deutschen Roten Kreuz)-Hospitals in Pusan Besuch südkoreanischer Good- Will-Misson in der Bundesrepublik vom 2, bis 5. Juni 1957 Entschließung der Nationalversammlung der Republik Korea über die Aufhebung des Waffenstillstandesabkommen","부산독일적십자병원의 설립과 활동, 1957. 6. 2 ~ 6. 5. 한국 친선사절단의 정전협정의 폐지에 관한 한국 국회의 결정",독일연방기록청,,PZA0003607,"~ 6. 5. 한국 친선사절단의 서한, 보고서 호소문, 진술서",18 / 37,B122/512,68,,18
eu2-6,"Staatsbesuch des Bundespräsiedenten in Korea 1967 Errichtung eines GoetheInstituts in Seoul, 1966-1967 Einsatz koreanischer, Krankenschwestern, 1966-1967 Kapitalhilfe für Korea Wärmekraftwerk Yong Nam II, Hilfe von Deutschland für Korea","1967년 독일연방 대통령의 방한, 1966년부터 1967년까지 서울괴테독일문화원의 건립, 1966년부터 1967년까지 한국 간호사파독, 제2호 영남발전소, 한국에 대한 자본원조",독일연방기록청,,PZA0003608,"년까지 서울괴테독일문화원의 제2호 영남발전소, 한국에 협조문, 전보, 서한 보고서, 지시문, 호소문, 진술서",233 / 420,B122/5483,76,,232
eu2-7,Südkorea Staatbesuch im Dezember 1964,1964년 12월 대한민국 외국 공식방문,독일연방기록청,,PZA0003610,"협조문, 보고서, 제안서, 전보",63 / 334,B122/5485,174,,63
eu2-8,Besuch von Tai Whan Shin am 24. Feb. 1970,1970년 2월 24일 신태환 한국 통일부장관의 방문,독일연방기록청,,PZA0003611,"보고서, 서한",9 / 14,B122/12397,204,,9
eu2-9,Wahl bzw. Wiederwahl der Staatspräsidenten- Glückwunschtelegramme Antwortschreiben 1971 -1973,대통령 당선 또는 재당선 축전 답서 1971-1973,독일연방기록청,,PZA0003612,"보고서, 전보",19 / 22,B122/12398,209,,19
eu2-10,Besuch von Kim Yong Shik am 15. Feb. 1973,1973년 김용식 외무장관의 방문,독일연방기록청,,PZA0003613,"보고서, 협조문, 전보, 제안서",16 / 52,B122/12401,218,,16
eu2-11,Gespräch mit Wan-Son Tae am 21. März 1974,1974. 3. 21. 태완선 한국부총리 방문,독일연방기록청,,PZA0003614,보고서,10 / 18,B122/12403,226,,10
eu2-12,"Park Chung-Hee Republik Korea, 1969-1971","박정희, 1969년부터 1971년까지의 한국",독일연방기록청,,PZA0003615,"서한, 전보",11 / 18,B122/23485,231,,11
eu2-13,"Besuch einer südkoreanischen Parlamentarier -Delegation unter Leitung des Präsidenten der Nationalversammlung, General Chung Il Kwon beim Bundespräsidenten am 14. Mai 1975",1975. 5. 14 한국 국회의장인 정일권 장군과 국회대표단 독일연방 대통령 방문,독일연방기록청,,PZA0003616,"표단 독일연방 대통령 방문 협조문, 서한, 보고서",18 / 55,B122/19783,236,,18
eu2-14,[가제] 1979년 6월 대통령특사 김종필의 독일 방문,1979년 6월 대통령특사 김종필의 독일 방문,독일연방기록청,,PZA0003617,"친서, 보고서",12 / 46,B122/19790,245,,16
eu2-15,"Bundeskanzler Ludwig Erhard, Gesprächspartner : Staatspräsidenten von Korea Park 9. 12. 1964",에르하르트 독일수상과 박정희 대통령 회담(1964. 12. 9.),독일연방기록청,,PZA0003618,12. 9.) 보고서,1 / 7,B136/51028,253,,1
eu2-16,Besuch des koreanischen Botschafters You Chan Yang in Washington bei dem Herrn Bundeskanzler,양유찬 주 워싱턴 한국대사의 독일수상 방문,독일연방기록청,,PZA0003619,"보고서, 전보",12 / 21,B136/3592,254,,12
eu2-17,Besuch S. E. des Außenministers Dr. Chung W. Cho am 4. Dez. 1959,조정환 외무부장관의 독일 방문(1959. 12. 4.),독일연방기록청,,PZA0003620,보고서,3 / 17,B136/2071,260,,3
eu2-18,[가제] 1964년 박정희 대통령의 독일 방문,1964년 박정희 대통령의 독일 방문,독일연방기록청,,PZA0003621,"보고서, 사한",33 / 155,B136/2090,262,,33
eu2-19,[가제] 1965년 한국 국회의원단의 독일 방문,1965년 한국 국회의원단의 독일 방문,독일연방기록청,,PZA0003622,"보고서, 서한",4 / 19,B136/2099,278,,4
